{
  "properties": {
    "connectionReferences": {
      "shared_outlook": {
        "runtimeSource": "invoker",
        "connection": {
          "connectionReferenceLogicalName": "curso_sharedoutlook_5fe85"
        },
        "api": {
          "name": "shared_outlook"
        }
      }
    },
    "definition": {
      "$schema": "https://schema.management.azure.com/providers/Microsoft.Logic/schemas/2016-06-01/workflowdefinition.json#",
      "contentVersion": "1.0.0.0",
      "parameters": {
        "$connections": {
          "defaultValue": {},
          "type": "Object"
        },
        "$authentication": {
          "defaultValue": {},
          "type": "SecureObject"
        }
      },
      "triggers": {
        "manual": {
          "metadata": {
            "operationMetadataId": "3b65220a-839e-484d-8bdc-575ca319e6da"
          },
          "type": "Request",
          "kind": "PowerApp",
          "inputs": {
            "schema": {
              "type": "object",
              "properties": {
                "Enviarumemail(V2)_Para": {
                  "type": "string",
                  "format": "email",
                  "description": "Especificar endereços de email separados por ponto e vírgula, como nome@contoso.com",
                  "x-ms-powerflows-param-ispartial": false
                },
                "Enviarumemail(V2)_Corpo": {
                  "type": "string",
                  "format": "html",
                  "description": "Especifique o corpo do email. Este parâmetro é usado como parte de \"E0C0C60D-CE90-4646-9EC1-EA035F7291F8\"",
                  "x-ms-powerflows-param-ispartial": true
                }
              },
              "required": [
                "Enviarumemail(V2)_Para",
                "Enviarumemail(V2)_Corpo"
              ]
            }
          }
        }
      },
      "actions": {
        "Enviar_um_email_(V2)": {
          "runAfter": {},
          "metadata": {
            "operationMetadataId": "dc36eb75-cd4c-4228-b445-e72f7799f7d6"
          },
          "type": "OpenApiConnection",
          "inputs": {
            "host": {
              "connectionName": "shared_outlook",
              "operationId": "SendEmailV2",
              "apiId": "/providers/Microsoft.PowerApps/apis/shared_outlook"
            },
            "parameters": {
              "emailMessage/To": "@triggerBody()['Enviarumemail(V2)_Para']",
              "emailMessage/Subject": "Novo Curso Habilitado",
              "emailMessage/Body": "<p>Olá @{triggerBody()['Enviarumemail(V2)_Corpo']},<br>\nO curso @{triggerBody()['Enviarumemail(V2)_Corpo']} foi habilitado para que você seja um instrutor.<br>\n<br>\nBoa sorte e bom trabalho<br>\nEquipe treinamento</p>",
              "emailMessage/Importance": "Normal"
            },
            "authentication": {
              "type": "Raw",
              "value": "@json(decodeBase64(triggerOutputs().headers['X-MS-APIM-Tokens']))['$ConnectionKey']"
            }
          }
        }
      }
    },
    "templateName": null
  },
  "schemaVersion": "1.0.0.0"
}